EMC_ID,AC,LABEL_INT_EN,LABEL_INT_FR,LABEL_EXT_EN,LABEL_EXT_FR
900001,Pop.Ag0t99,"Total population",,,
900002,ADM_NAME,"Administrative division code",,,
900003,E.1.Glast,"Enrolment in ISCED 1, initial education, last grade",,,
900004,E.1.Glast.F,"Enrolment in ISCED 1, initial education, last grade, Female",,,
900005,E.2.GPV.G1,"Enrolment in ISCED 2 grade 1, General&Pre-Voc, Public, initial education",,,
900006,R.2.GPV.G1,"Repeaters in ISCED 2 grade 1, General&Pre-Voc, Public, initial education",,,
900007,E.2.GPV.G1.F,"Enrolment in ISCED 2 grade 1, General&Pre-Voc, Public, initial education, Female",,,
900008,R.2.GPV.G1.F,"Repeaters in ISCED 2 grade 1, General&Pre-Voc, Public, initial education, Female",,,
900009,T.1.Pu.Perm,"Education staff in ISCED 1, Public, initial education, Permanent contract",,,
900010,T.1.Pu.Fix,"Education staff in ISCED 1, Public, initial education, non-Permanent contract",,,
900011,T.1.Pu.uk,"Education staff in ISCED 1, Public, initial education, unknown contract",,,
900012,T.1.Pr.Perm,"Education staff in ISCED 1, Private, initial education, Permanent contract",,,
900013,T.1.Pr.Fix,"Education staff in ISCED 1, Private, initial education, non-Permanent contract",,,
900014,T.1.Pr.uk,"Education staff in ISCED 1, Private, initial education, unknown contract",,,
900015,T.1.Pu.EA.2m,"Education staff in ISCED 1in ISCED 2, Public, initial education, Education attained ISCED 2 or less",,,
900016,T.1.Pu.EA.3,"Education staff in ISCED 1in ISCED 3, Public, initial education, Education attained ISCED 3",,,
900017,T.1.Pu.EA.4,"Education staff in ISCED 1, Public, initial education, Education attained ISCED 4",,,
900018,T.1.Pu.EA.5,"Education staff in ISCED 1, Public, initial education, Education attained ISCED 5",,,
900019,T.1.Pu.EA.6,"Education staff in ISCED 1, Public, initial education, Education attained ISCED 6",,,
900020,T.1.Pu.EA.7,"Education staff in ISCED 1, Public, initial education, Education attained ISCED 7",,,
900021,T.1.Pu.EA.8,"Education staff in ISCED 1, Public, initial education, Education attained ISCED 8",,,
900022,T.1.Pu.EA.uk,"Education staff in ISCED 1, Public, initial education, Education attained not specified",,,
900023,T.1.Pr.EA.2m,"Education staff in ISCED 1in ISCED 2, Private, initial education, Education attained ISCED 2 or less",,,
900024,T.1.Pr.EA.3,"Education staff in ISCED 1in ISCED 3, Private, initial education, Education attained ISCED 3",,,
900025,T.1.Pr.EA.4,"Education staff in ISCED 1, Private, initial education, Education attained ISCED 4",,,
900026,T.1.Pr.EA.5,"Education staff in ISCED 1, Private, initial education, Education attained ISCED 5",,,
900027,T.1.Pr.EA.6,"Education staff in ISCED 1, Private, initial education, Education attained ISCED 6",,,
900028,T.1.Pr.EA.7,"Education staff in ISCED 1, Private, initial education, Education attained ISCED 7",,,
900029,T.1.Pr.EA.8,"Education staff in ISCED 1, Private, initial education, Education attained ISCED 8",,,
900030,T.1.Pr.EA.uk,"Education staff in ISCED 1, Private, initial education, Education attained not specified",,,
900031,T.1.EA.2m,"Education staff in ISCED 1in ISCED 2, initial education, Education attained ISCED 2 or less",,,
900032,T.1.EA.3,"Education staff in ISCED 1in ISCED 3, initial education, Education attained ISCED 3",,,
900033,T.1.EA.4,"Education staff in ISCED 1, initial education, Education attained ISCED 4",,,
900034,T.1.EA.5,"Education staff in ISCED 1, initial education, Education attained ISCED 5",,,
900035,T.1.EA.6,"Education staff in ISCED 1, initial education, Education attained ISCED 6",,,
900036,T.1.EA.7,"Education staff in ISCED 1, initial education, Education attained ISCED 7",,,
900037,T.1.EA.8,"Education staff in ISCED 1, initial education, Education attained ISCED 8",,,
900038,T.1.EA.uk,"Education staff in ISCED 1, initial education, Education attained not specified",,,
900039,NT.1.Pu,"Newly recruited teachers in ISCED 1, Public, initial education",,,
900040,NT.1.Pu.trained,"Newly recruited teachers in ISCED 1, Public, initial education, Trained teacher",,,
900041,T.1.Pu.Exp1t2,"Education staff in ISCED 1, Public, initial education, Teaching experience of 1 to 2 years",,,
900042,T.1.Pu.Exp3t5,"Education staff in ISCED 1, Public, initial education, Teaching experience of 3 to 5 years",,,
900043,T.1.Pu.Exp6t10,"Education staff in ISCED 1, Public, initial education, Teaching experience of 6 to 10 years",,,
900044,T.1.Pu.Exp11t15,"Education staff in ISCED 1, Public, initial education, Teaching experience of 11 to 15 years",,,
900045,T.1.Pu.Exp15p,"Education staff in ISCED 1, Public, initial education, Teaching experience of more than 15 years",,,
900046,T.1.Pu.Expuk,"Education staff in ISCED 1, Public, initial education, Teaching experience not specified",,,
900047,NT.1.Pr,"Newly recruited teachers in ISCED 1, Private, initial education",,,
900048,NT.1.Pr.trained,"Newly recruited teachers in ISCED 1, Private, initial education, Trained teacher",,,
900049,T.1.Pr.Exp1t2,"Education staff in ISCED 1, Private, initial education, Teaching experience of 1 to 2 years",,,
900050,T.1.Pr.Exp3t5,"Education staff in ISCED 1, Private, initial education, Teaching experience of 3 to 5 years",,,
900051,T.1.Pr.Exp6t10,"Education staff in ISCED 1, Private, initial education, Teaching experience of 6 to 10 years",,,
900052,T.1.Pr.Exp11t15,"Education staff in ISCED 1, Private, initial education, Teaching experience of 11 to 15 years",,,
900053,T.1.Pr.Exp15p,"Education staff in ISCED 1, Private, initial education, Teaching experience of more than 15 years",,,
900054,T.1.Pr.Expuk,"Education staff in ISCED 1, Private, initial education, Teaching experience not specified",,,
900055,NT.1,"Newly recruited teachers in ISCED 1, initial education",,,
900056,NT.1.trained,"Newly recruited teachers in ISCED 1, initial education, Trained teacher",,,
900057,T.1.Exp1t2,"Education staff in ISCED 1, initial education, Teaching experience of 1 to 2 years",,,
900058,T.1.Exp3t5,"Education staff in ISCED 1, initial education, Teaching experience of 3 to 5 years",,,
900059,T.1.Exp6t10,"Education staff in ISCED 1, initial education, Teaching experience of 6 to 10 years",,,
900060,T.1.Exp11t15,"Education staff in ISCED 1, initial education, Teaching experience of 11 to 15 years",,,
900061,T.1.Exp15p,"Education staff in ISCED 1, initial education, Teaching experience of more than 15 years",,,
900062,T.1.Expuk,"Education staff in ISCED 1, initial education, Teaching experience not specified",,,
900063,T.1.Pu.Ag20m,"Education staff in ISCED 1, Public, initial education, Aged less than 20 years",,,
900064,T.1.Pu.Ag20t29,"Education staff in ISCED 1, Public, initial education, Aged 20 to 29 years",,,
900065,T.1.Pu.Ag30t39,"Education staff in ISCED 1, Public, initial education, Aged 30 to 39 years",,,
900066,T.1.Pu.Ag40t49,"Education staff in ISCED 1, Public, initial education, Aged 40 to 49 years",,,
900067,T.1.Pu.Ag50t59,"Education staff in ISCED 1, Public, initial education, Aged 50 to 59 years",,,
900068,T.1.Pu.Ag60p,"Education staff in ISCED 1, Public, initial education, Aged 60 or more years",,,
900069,T.1.Pu.Aguk,"Education staff in ISCED 1, Public, initial education, Age no specified",,,
900070,T.1.Pr.Ag20m,"Education staff in ISCED 1, Private, initial education, Aged less than 20 years",,,
900071,T.1.Pr.Ag20t29,"Education staff in ISCED 1, Private, initial education, Aged 20 to 29 years",,,
900072,T.1.Pr.Ag30t39,"Education staff in ISCED 1, Private, initial education, Aged 30 to 39 years",,,
900073,T.1.Pr.Ag40t49,"Education staff in ISCED 1, Private, initial education, Aged 40 to 49 years",,,
900074,T.1.Pr.Ag50t59,"Education staff in ISCED 1, Private, initial education, Aged 50 to 59 years",,,
900075,T.1.Pr.Ag60p,"Education staff in ISCED 1, Private, initial education, Aged 60 or more years",,,
900076,T.1.Pr.Aguk,"Education staff in ISCED 1, Private, initial education, Age no specified",,,
900077,T.1.Ag20m,"Education staff in ISCED 1, initial education, Aged less than 20 years",,,
900078,T.1.Ag20t29,"Education staff in ISCED 1, initial education, Aged 20 to 29 years",,,
900079,T.1.Ag30t39,"Education staff in ISCED 1, initial education, Aged 30 to 39 years",,,
900080,T.1.Ag40t49,"Education staff in ISCED 1, initial education, Aged 40 to 49 years",,,
900081,T.1.Ag50t59,"Education staff in ISCED 1, initial education, Aged 50 to 59 years",,,
900082,T.1.Ag60p,"Education staff in ISCED 1, initial education, Aged 60 or more years",,,
900083,T.1.Aguk,"Education staff in ISCED 1, initial education, Age no specified",,,
900084,T.2.GPV.Pu.Math,"Education staff in ISCED 2, General&Pre-Voc, Public, initial education, teaching math",,,
900085,T.2.GPV.Pu.Read,"Education staff in ISCED 2, General&Pre-Voc, Public, initial education, teaching reading",,,
900086,T.2.GPV.Pr.Math,"Education staff in ISCED 2, General&Pre-Voc, Private, initial education, teaching math",,,
900087,T.2.GPV.Pr.Read,"Education staff in ISCED 2, General&Pre-Voc, Private, initial education, teaching reading",,,
900088,T.2.GPV.Math,"Education staff in ISCED 2, General&Pre-Voc, initial education, teaching math",,,
900089,T.2.GPV.Read,"Education staff in ISCED 2, General&Pre-Voc, initial education, teaching reading",,,
900090,T.2.GPV.Pu.Perm,"Education staff in ISCED 2, General&Pre-Voc, Public, initial education, Permanent contract",,,
900091,T.2.GPV.Pu.Fix,"Education staff in ISCED 2, General&Pre-Voc, Public, initial education, non-Permanent contract",,,
900092,T.2.GPV.Pu.uk,"Education staff in ISCED 2, General&Pre-Voc, Public, initial education, unknown contract",,,
900093,T.2.GPV.Pr.Perm,"Education staff in ISCED 2, General&Pre-Voc, Private, initial education, Permanent contract",,,
900094,T.2.GPV.Pr.Fix,"Education staff in ISCED 2, General&Pre-Voc, Private, initial education, non-Permanent contract",,,
900095,T.2.GPV.Pr.uk,"Education staff in ISCED 2, General&Pre-Voc, Private, initial education, unknown contract",,,
900096,T.2.GPV.Pu.EA.2m,"Education staff in ISCED 2, General&Pre-Voc, Public, initial education, Education attained ISCED 2 or less",,,
900097,T.2.GPV.Pu.EA.3,"Education staff in ISCED 2in ISCED 3, General&Pre-Voc, Public, initial education, Education attained ISCED 3",,,
900098,T.2.GPV.Pu.EA.4,"Education staff in ISCED 2, General&Pre-Voc, Public, initial education, Education attained ISCED 4",,,
900099,T.2.GPV.Pu.EA.5,"Education staff in ISCED 2, General&Pre-Voc, Public, initial education, Education attained ISCED 5",,,
900100,T.2.GPV.Pu.EA.6,"Education staff in ISCED 2, General&Pre-Voc, Public, initial education, Education attained ISCED 6",,,
900101,T.2.GPV.Pu.EA.7,"Education staff in ISCED 2, General&Pre-Voc, Public, initial education, Education attained ISCED 7",,,
900102,T.2.GPV.Pu.EA.8,"Education staff in ISCED 2, General&Pre-Voc, Public, initial education, Education attained ISCED 8",,,
900103,T.2.GPV.Pu.EA.uk,"Education staff in ISCED 2, General&Pre-Voc, Public, initial education, Education attained not specified",,,
900104,T.2.GPV.Pr.EA.2m,"Education staff in ISCED 2, General&Pre-Voc, Private, initial education, Education attained ISCED 2 or less",,,
900105,T.2.GPV.Pr.EA.3,"Education staff in ISCED 2in ISCED 3, General&Pre-Voc, Private, initial education, Education attained ISCED 3",,,
900106,T.2.GPV.Pr.EA.4,"Education staff in ISCED 2, General&Pre-Voc, Private, initial education, Education attained ISCED 4",,,
900107,T.2.GPV.Pr.EA.5,"Education staff in ISCED 2, General&Pre-Voc, Private, initial education, Education attained ISCED 5",,,
900108,T.2.GPV.Pr.EA.6,"Education staff in ISCED 2, General&Pre-Voc, Private, initial education, Education attained ISCED 6",,,
900109,T.2.GPV.Pr.EA.7,"Education staff in ISCED 2, General&Pre-Voc, Private, initial education, Education attained ISCED 7",,,
900110,T.2.GPV.Pr.EA.8,"Education staff in ISCED 2, General&Pre-Voc, Private, initial education, Education attained ISCED 8",,,
900111,T.2.GPV.Pr.EA.uk,"Education staff in ISCED 2, General&Pre-Voc, Private, initial education, Education attained not specified",,,
900112,T.2.GPV.EA.2m,"Education staff in ISCED 2, General&Pre-Voc, initial education, Education attained ISCED 2 or less",,,
900113,T.2.GPV.EA.3,"Education staff in ISCED 2in ISCED 3, General&Pre-Voc, initial education, Education attained ISCED 3",,,
900114,T.2.GPV.EA.4,"Education staff in ISCED 2, General&Pre-Voc, initial education, Education attained ISCED 4",,,
900115,T.2.GPV.EA.5,"Education staff in ISCED 2, General&Pre-Voc, initial education, Education attained ISCED 5",,,
900116,T.2.GPV.EA.6,"Education staff in ISCED 2, General&Pre-Voc, initial education, Education attained ISCED 6",,,
900117,T.2.GPV.EA.7,"Education staff in ISCED 2, General&Pre-Voc, initial education, Education attained ISCED 7",,,
900118,T.2.GPV.EA.8,"Education staff in ISCED 2, General&Pre-Voc, initial education, Education attained ISCED 8",,,
900119,T.2.GPV.EA.uk,"Education staff in ISCED 2, General&Pre-Voc, initial education, Education attained not specified",,,
900120,NT.2.GPV.Pu,"Newly recruited teachers in ISCED 2, General&Pre-Voc, Public, initial education",,,
900121,NT.2.GPV.Pu.trained,"Newly recruited teachers in ISCED 2, General&Pre-Voc, Public, initial education, Trained teacher",,,
900122,T.2.GPV.Pu.Exp1t2,"Education staff in ISCED 2, General&Pre-Voc, Public, initial education, Teaching experience of 1 to 2 years",,,
900123,T.2.GPV.Pu.Exp3t5,"Education staff in ISCED 2, General&Pre-Voc, Public, initial education, Teaching experience of 3 to 5 years",,,
900124,T.2.GPV.Pu.Exp6t10,"Education staff in ISCED 2, General&Pre-Voc, Public, initial education, Teaching experience of 6 to 10 years",,,
900125,T.2.GPV.Pu.Exp11t15,"Education staff in ISCED 2, General&Pre-Voc, Public, initial education, Teaching experience of 11 to 15 years",,,
900126,T.2.GPV.Pu.Exp15p,"Education staff in ISCED 2, General&Pre-Voc, Public, initial education, Teaching experience of more than 15 years",,,
900127,T.2.GPV.Pu.Expuk,"Education staff in ISCED 2, General&Pre-Voc, Public, initial education, Teaching experience not specified",,,
900128,NT.2.GPV.Pr,"Newly recruited teachers in ISCED 2, General&Pre-Voc, Private, initial education",,,
900129,NT.2.GPV.Pr.trained,"Newly recruited teachers in ISCED 2, General&Pre-Voc, Private, initial education, Trained teacher",,,
900130,T.2.GPV.Pr.Exp1t2,"Education staff in ISCED 2, General&Pre-Voc, Private, initial education, Teaching experience of 1 to 2 years",,,
900131,T.2.GPV.Pr.Exp3t5,"Education staff in ISCED 2, General&Pre-Voc, Private, initial education, Teaching experience of 3 to 5 years",,,
900132,T.2.GPV.Pr.Exp6t10,"Education staff in ISCED 2, General&Pre-Voc, Private, initial education, Teaching experience of 6 to 10 years",,,
900133,T.2.GPV.Pr.Exp11t15,"Education staff in ISCED 2, General&Pre-Voc, Private, initial education, Teaching experience of 11 to 15 years",,,
900134,T.2.GPV.Pr.Exp15p,"Education staff in ISCED 2, General&Pre-Voc, Private, initial education, Teaching experience of more than 15 years",,,
900135,T.2.GPV.Pr.Expuk,"Education staff in ISCED 2, General&Pre-Voc, Private, initial education, Teaching experience not specified",,,
900136,NT.2.GPV,"Newly recruited teachers in ISCED 2, General&Pre-Voc, initial education",,,
900137,NT.2.GPV.trained,"Newly recruited teachers in ISCED 2, General&Pre-Voc, initial education, Trained teacher",,,
900138,T.2.GPV.Exp1t2,"Education staff in ISCED 2, General&Pre-Voc, initial education, Teaching experience of 1 to 2 years",,,
900139,T.2.GPV.Exp3t5,"Education staff in ISCED 2, General&Pre-Voc, initial education, Teaching experience of 3 to 5 years",,,
900140,T.2.GPV.Exp6t10,"Education staff in ISCED 2, General&Pre-Voc, initial education, Teaching experience of 6 to 10 years",,,
900141,T.2.GPV.Exp11t15,"Education staff in ISCED 2, General&Pre-Voc, initial education, Teaching experience of 11 to 15 years",,,
900142,T.2.GPV.Exp15p,"Education staff in ISCED 2, General&Pre-Voc, initial education, Teaching experience of more than 15 years",,,
900143,T.2.GPV.Expuk,"Education staff in ISCED 2, General&Pre-Voc, initial education, Teaching experience not specified",,,
900144,T.2.GPV.Pu.Ag20m,"Education staff in ISCED 2, General&Pre-Voc, Public, initial education, Aged less than 20 years",,,
900145,T.2.GPV.Pu.Ag20t29,"Education staff in ISCED 2, General&Pre-Voc, Public, initial education, Aged 20 to 29 years",,,
900146,T.2.GPV.Pu.Ag30t39,"Education staff in ISCED 2, General&Pre-Voc, Public, initial education, Aged 30 to 39 years",,,
900147,T.2.GPV.Pu.Ag40t49,"Education staff in ISCED 2, General&Pre-Voc, Public, initial education, Aged 40 to 49 years",,,
900148,T.2.GPV.Pu.Ag50t59,"Education staff in ISCED 2, General&Pre-Voc, Public, initial education, Aged 50 to 59 years",,,
900149,T.2.GPV.Pu.Ag60p,"Education staff in ISCED 2, General&Pre-Voc, Public, initial education, Aged 60 or more years",,,
900150,T.2.GPV.Pu.Aguk,"Education staff in ISCED 2, General&Pre-Voc, Public, initial education, Age no specified",,,
900151,T.2.GPV.Pr.Ag20m,"Education staff in ISCED 2, General&Pre-Voc, Private, initial education, Aged less than 20 years",,,
900152,T.2.GPV.Pr.Ag20t29,"Education staff in ISCED 2, General&Pre-Voc, Private, initial education, Aged 20 to 29 years",,,
900153,T.2.GPV.Pr.Ag30t39,"Education staff in ISCED 2, General&Pre-Voc, Private, initial education, Aged 30 to 39 years",,,
900154,T.2.GPV.Pr.Ag40t49,"Education staff in ISCED 2, General&Pre-Voc, Private, initial education, Aged 40 to 49 years",,,
900155,T.2.GPV.Pr.Ag50t59,"Education staff in ISCED 2, General&Pre-Voc, Private, initial education, Aged 50 to 59 years",,,
900156,T.2.GPV.Pr.Ag60p,"Education staff in ISCED 2, General&Pre-Voc, Private, initial education, Aged 60 or more years",,,
900157,T.2.GPV.Pr.Aguk,"Education staff in ISCED 2, General&Pre-Voc, Private, initial education, Age no specified",,,
900158,T.2.GPV.Ag20m,"Education staff in ISCED 2, General&Pre-Voc, initial education, Aged less than 20 years",,,
900159,T.2.GPV.Ag20t29,"Education staff in ISCED 2, General&Pre-Voc, initial education, Aged 20 to 29 years",,,
900160,T.2.GPV.Ag30t39,"Education staff in ISCED 2, General&Pre-Voc, initial education, Aged 30 to 39 years",,,
900161,T.2.GPV.Ag40t49,"Education staff in ISCED 2, General&Pre-Voc, initial education, Aged 40 to 49 years",,,
900162,T.2.GPV.Ag50t59,"Education staff in ISCED 2, General&Pre-Voc, initial education, Aged 50 to 59 years",,,
900163,T.2.GPV.Ag60p,"Education staff in ISCED 2, General&Pre-Voc, initial education, Aged 60 or more years",,,
900164,T.2.GPV.Aguk,"Education staff in ISCED 2, General&Pre-Voc, initial education, Age no specified",,,
900165,T.3.GPV.Pu.Math,"Education staff in ISCED 3, General&Pre-Voc, Public, initial education, teaching math",,,
900166,T.3.GPV.Pu.Read,"Education staff in ISCED 3, General&Pre-Voc, Public, initial education, teaching reading",,,
900167,T.3.GPV.Pr.Math,"Education staff in ISCED 3, General&Pre-Voc, Private, initial education, teaching math",,,
900168,T.3.GPV.Pr.Read,"Education staff in ISCED 3, General&Pre-Voc, Private, initial education, teaching reading",,,
900169,T.3.GPV.Math,"Education staff in ISCED 3, General&Pre-Voc, initial education, teaching math",,,
900170,T.3.GPV.Read,"Education staff in ISCED 3, General&Pre-Voc, initial education, teaching reading",,,
900171,T.3.GPV.Pu.Perm,"Education staff in ISCED 3, General&Pre-Voc, Public, initial education, Permanent contract",,,
900172,T.3.GPV.Pu.Fix,"Education staff in ISCED 3, General&Pre-Voc, Public, initial education, non-Permanent contract",,,
900173,T.3.GPV.Pu.uk,"Education staff in ISCED 3, General&Pre-Voc, Public, initial education, unknown contract",,,
900174,T.3.GPV.Pr.Perm,"Education staff in ISCED 3, General&Pre-Voc, Private, initial education, Permanent contract",,,
900175,T.3.GPV.Pr.Fix,"Education staff in ISCED 3, General&Pre-Voc, Private, initial education, non-Permanent contract",,,
900176,T.3.GPV.Pr.uk,"Education staff in ISCED 3, General&Pre-Voc, Private, initial education, unknown contract",,,
900177,T.3.GPV.Pu.EA.2m,"Education staff in ISCED 2in ISCED 3, General&Pre-Voc, Public, initial education, Education attained ISCED 2 or less",,,
900178,T.3.GPV.Pu.EA.3,"Education staff in ISCED 3, General&Pre-Voc, Public, initial education, Education attained ISCED 3",,,
900179,T.3.GPV.Pu.EA.4,"Education staff in ISCED 3, General&Pre-Voc, Public, initial education, Education attained ISCED 4",,,
900180,T.3.GPV.Pu.EA.5,"Education staff in ISCED 3, General&Pre-Voc, Public, initial education, Education attained ISCED 5",,,
900181,T.3.GPV.Pu.EA.6,"Education staff in ISCED 3, General&Pre-Voc, Public, initial education, Education attained ISCED 6",,,
900182,T.3.GPV.Pu.EA.7,"Education staff in ISCED 3, General&Pre-Voc, Public, initial education, Education attained ISCED 7",,,
900183,T.3.GPV.Pu.EA.8,"Education staff in ISCED 3, General&Pre-Voc, Public, initial education, Education attained ISCED 8",,,
900184,T.3.GPV.Pu.EA.uk,"Education staff in ISCED 3, General&Pre-Voc, Public, initial education, Education attained not specified",,,
900185,T.3.GPV.Pr.EA.2m,"Education staff in ISCED 2in ISCED 3, General&Pre-Voc, Private, initial education, Education attained ISCED 2 or less",,,
900186,T.3.GPV.Pr.EA.3,"Education staff in ISCED 3, General&Pre-Voc, Private, initial education, Education attained ISCED 3",,,
900187,T.3.GPV.Pr.EA.4,"Education staff in ISCED 3, General&Pre-Voc, Private, initial education, Education attained ISCED 4",,,
900188,T.3.GPV.Pr.EA.5,"Education staff in ISCED 3, General&Pre-Voc, Private, initial education, Education attained ISCED 5",,,
900189,T.3.GPV.Pr.EA.6,"Education staff in ISCED 3, General&Pre-Voc, Private, initial education, Education attained ISCED 6",,,
900190,T.3.GPV.Pr.EA.7,"Education staff in ISCED 3, General&Pre-Voc, Private, initial education, Education attained ISCED 7",,,
900191,T.3.GPV.Pr.EA.8,"Education staff in ISCED 3, General&Pre-Voc, Private, initial education, Education attained ISCED 8",,,
900192,T.3.GPV.Pr.EA.uk,"Education staff in ISCED 3, General&Pre-Voc, Private, initial education, Education attained not specified",,,
900193,T.3.GPV.EA.2m,"Education staff in ISCED 2in ISCED 3, General&Pre-Voc, initial education, Education attained ISCED 2 or less",,,
900194,T.3.GPV.EA.3,"Education staff in ISCED 3, General&Pre-Voc, initial education, Education attained ISCED 3",,,
900195,T.3.GPV.EA.4,"Education staff in ISCED 3, General&Pre-Voc, initial education, Education attained ISCED 4",,,
900196,T.3.GPV.EA.5,"Education staff in ISCED 3, General&Pre-Voc, initial education, Education attained ISCED 5",,,
900197,T.3.GPV.EA.6,"Education staff in ISCED 3, General&Pre-Voc, initial education, Education attained ISCED 6",,,
900198,T.3.GPV.EA.7,"Education staff in ISCED 3, General&Pre-Voc, initial education, Education attained ISCED 7",,,
900199,T.3.GPV.EA.8,"Education staff in ISCED 3, General&Pre-Voc, initial education, Education attained ISCED 8",,,
900200,T.3.GPV.EA.uk,"Education staff in ISCED 3, General&Pre-Voc, initial education, Education attained not specified",,,
900201,NT.3.GPV.Pu,"Newly recruited teachers in ISCED 3, General&Pre-Voc, Public, initial education",,,
900202,NT.3.GPV.Pu.trained,"Newly recruited teachers in ISCED 3, General&Pre-Voc, Public, initial education, Trained teacher",,,
900203,T.3.GPV.Pu.Exp1t2,"Education staff in ISCED 3, General&Pre-Voc, Public, initial education, Teaching experience of 1 to 2 years",,,
900204,T.3.GPV.Pu.Exp3t5,"Education staff in ISCED 3, General&Pre-Voc, Public, initial education, Teaching experience of 3 to 5 years",,,
900205,T.3.GPV.Pu.Exp6t10,"Education staff in ISCED 3, General&Pre-Voc, Public, initial education, Teaching experience of 6 to 10 years",,,
900206,T.3.GPV.Pu.Exp11t15,"Education staff in ISCED 3, General&Pre-Voc, Public, initial education, Teaching experience of 11 to 15 years",,,
900207,T.3.GPV.Pu.Exp15p,"Education staff in ISCED 3, General&Pre-Voc, Public, initial education, Teaching experience of more than 15 years",,,
900208,T.3.GPV.Pu.Expuk,"Education staff in ISCED 3, General&Pre-Voc, Public, initial education, Teaching experience not specified",,,
900209,NT.3.GPV.Pr,"Newly recruited teachers in ISCED 3, General&Pre-Voc, Private, initial education",,,
900210,NT.3.GPV.Pr.trained,"Newly recruited teachers in ISCED 3, General&Pre-Voc, Private, initial education, Trained teacher",,,
900211,T.3.GPV.Pr.Exp1t2,"Education staff in ISCED 3, General&Pre-Voc, Private, initial education, Teaching experience of 1 to 2 years",,,
900212,T.3.GPV.Pr.Exp3t5,"Education staff in ISCED 3, General&Pre-Voc, Private, initial education, Teaching experience of 3 to 5 years",,,
900213,T.3.GPV.Pr.Exp6t10,"Education staff in ISCED 3, General&Pre-Voc, Private, initial education, Teaching experience of 6 to 10 years",,,
900214,T.3.GPV.Pr.Exp11t15,"Education staff in ISCED 3, General&Pre-Voc, Private, initial education, Teaching experience of 11 to 15 years",,,
900215,T.3.GPV.Pr.Exp15p,"Education staff in ISCED 3, General&Pre-Voc, Private, initial education, Teaching experience of more than 15 years",,,
900216,T.3.GPV.Pr.Expuk,"Education staff in ISCED 3, General&Pre-Voc, Private, initial education, Teaching experience not specified",,,
900217,NT.3.GPV,"Newly recruited teachers in ISCED 3, General&Pre-Voc, initial education",,,
900218,NT.3.GPV.trained,"Newly recruited teachers in ISCED 3, General&Pre-Voc, initial education, Trained teacher",,,
900219,T.3.GPV.Exp1t2,"Education staff in ISCED 3, General&Pre-Voc, initial education, Teaching experience of 1 to 2 years",,,
900220,T.3.GPV.Exp3t5,"Education staff in ISCED 3, General&Pre-Voc, initial education, Teaching experience of 3 to 5 years",,,
900221,T.3.GPV.Exp6t10,"Education staff in ISCED 3, General&Pre-Voc, initial education, Teaching experience of 6 to 10 years",,,
900222,T.3.GPV.Exp11t15,"Education staff in ISCED 3, General&Pre-Voc, initial education, Teaching experience of 11 to 15 years",,,
900223,T.3.GPV.Exp15p,"Education staff in ISCED 3, General&Pre-Voc, initial education, Teaching experience of more than 15 years",,,
900224,T.3.GPV.Expuk,"Education staff in ISCED 3, General&Pre-Voc, initial education, Teaching experience not specified",,,
900225,T.3.GPV.Pu.Ag20m,"Education staff in ISCED 3, General&Pre-Voc, Public, initial education, Aged less than 20 years",,,
900226,T.3.GPV.Pu.Ag20t29,"Education staff in ISCED 3, General&Pre-Voc, Public, initial education, Aged 20 to 29 years",,,
900227,T.3.GPV.Pu.Ag30t39,"Education staff in ISCED 3, General&Pre-Voc, Public, initial education, Aged 30 to 39 years",,,
900228,T.3.GPV.Pu.Ag40t49,"Education staff in ISCED 3, General&Pre-Voc, Public, initial education, Aged 40 to 49 years",,,
900229,T.3.GPV.Pu.Ag50t59,"Education staff in ISCED 3, General&Pre-Voc, Public, initial education, Aged 50 to 59 years",,,
900230,T.3.GPV.Pu.Ag60p,"Education staff in ISCED 3, General&Pre-Voc, Public, initial education, Aged 60 or more years",,,
900231,T.3.GPV.Pu.Aguk,"Education staff in ISCED 3, General&Pre-Voc, Public, initial education, Age no specified",,,
900232,T.3.GPV.Pr.Ag20m,"Education staff in ISCED 3, General&Pre-Voc, Private, initial education, Aged less than 20 years",,,
900233,T.3.GPV.Pr.Ag20t29,"Education staff in ISCED 3, General&Pre-Voc, Private, initial education, Aged 20 to 29 years",,,
900234,T.3.GPV.Pr.Ag30t39,"Education staff in ISCED 3, General&Pre-Voc, Private, initial education, Aged 30 to 39 years",,,
900235,T.3.GPV.Pr.Ag40t49,"Education staff in ISCED 3, General&Pre-Voc, Private, initial education, Aged 40 to 49 years",,,
900236,T.3.GPV.Pr.Ag50t59,"Education staff in ISCED 3, General&Pre-Voc, Private, initial education, Aged 50 to 59 years",,,
900237,T.3.GPV.Pr.Ag60p,"Education staff in ISCED 3, General&Pre-Voc, Private, initial education, Aged 60 or more years",,,
900238,T.3.GPV.Pr.Aguk,"Education staff in ISCED 3, General&Pre-Voc, Private, initial education, Age no specified",,,
900239,T.3.GPV.Ag20m,"Education staff in ISCED 3, General&Pre-Voc, initial education, Aged less than 20 years",,,
900240,T.3.GPV.Ag20t29,"Education staff in ISCED 3, General&Pre-Voc, initial education, Aged 20 to 29 years",,,
900241,T.3.GPV.Ag30t39,"Education staff in ISCED 3, General&Pre-Voc, initial education, Aged 30 to 39 years",,,
900242,T.3.GPV.Ag40t49,"Education staff in ISCED 3, General&Pre-Voc, initial education, Aged 40 to 49 years",,,
900243,T.3.GPV.Ag50t59,"Education staff in ISCED 3, General&Pre-Voc, initial education, Aged 50 to 59 years",,,
900244,T.3.GPV.Ag60p,"Education staff in ISCED 3, General&Pre-Voc, initial education, Aged 60 or more years",,,
900245,T.3.GPV.Aguk,"Education staff in ISCED 3, General&Pre-Voc, initial education, Age no specified",,,
900246,T.23.GPV.Pu.Math,"Education staff 2 and 3, General&Pre-Voc, Public, initial education, teaching math",,,
900247,T.23.GPV.Pu.Read,"Education staff 2 and 3, General&Pre-Voc, Public, initial education, teaching reading",,,
900248,T.23.GPV.Pr.Math,"Education staff 2 and 3, General&Pre-Voc, Private, initial education, teaching math",,,
900249,T.23.GPV.Pr.Read,"Education staff 2 and 3, General&Pre-Voc, Private, initial education, teaching reading",,,
900250,T.23.GPV.Math,"Education staff 2 and 3, General&Pre-Voc, initial education, teaching math",,,
900251,T.23.GPV.Read,"Education staff 2 and 3, General&Pre-Voc, initial education, teaching reading",,,
900252,T.23.GPV.Pu.Perm,"Education staff 2 and 3, General&Pre-Voc, Public, initial education, Permanent contract",,,
900253,T.23.GPV.Pu.Fix,"Education staff 2 and 3, General&Pre-Voc, Public, initial education, non-Permanent contract",,,
900254,T.23.GPV.Pu.uk,"Education staff 2 and 3, General&Pre-Voc, Public, initial education, unknown contract",,,
900255,T.23.GPV.Pr.Perm,"Education staff 2 and 3, General&Pre-Voc, Private, initial education, Permanent contract",,,
900256,T.23.GPV.Pr.Fix,"Education staff 2 and 3, General&Pre-Voc, Private, initial education, non-Permanent contract",,,
900257,T.23.GPV.Pr.uk,"Education staff 2 and 3, General&Pre-Voc, Private, initial education, unknown contract",,,
900258,T.23.GPV.Pu.EA.2m,"Education staff 2 and 3, General&Pre-Voc, Public, initial education, Education attained ISCED 2 or less",,,
900259,T.23.GPV.Pu.EA.3,"Education staff in ISCED 32 and 3, General&Pre-Voc, Public, initial education, Education attained ISCED 3",,,
900260,T.23.GPV.Pu.EA.4,"Education staff 2 and 3, General&Pre-Voc, Public, initial education, Education attained ISCED 4",,,
900261,T.23.GPV.Pu.EA.5,"Education staff 2 and 3, General&Pre-Voc, Public, initial education, Education attained ISCED 5",,,
900262,T.23.GPV.Pu.EA.6,"Education staff 2 and 3, General&Pre-Voc, Public, initial education, Education attained ISCED 6",,,
900263,T.23.GPV.Pu.EA.7,"Education staff 2 and 3, General&Pre-Voc, Public, initial education, Education attained ISCED 7",,,
900264,T.23.GPV.Pu.EA.8,"Education staff 2 and 3, General&Pre-Voc, Public, initial education, Education attained ISCED 8",,,
900265,T.23.GPV.Pu.EA.uk,"Education staff 2 and 3, General&Pre-Voc, Public, initial education, Education attained not specified",,,
900266,T.23.GPV.Pr.EA.2m,"Education staff 2 and 3, General&Pre-Voc, Private, initial education, Education attained ISCED 2 or less",,,
900267,T.23.GPV.Pr.EA.3,"Education staff in ISCED 32 and 3, General&Pre-Voc, Private, initial education, Education attained ISCED 3",,,
900268,T.23.GPV.Pr.EA.4,"Education staff 2 and 3, General&Pre-Voc, Private, initial education, Education attained ISCED 4",,,
900269,T.23.GPV.Pr.EA.5,"Education staff 2 and 3, General&Pre-Voc, Private, initial education, Education attained ISCED 5",,,
900270,T.23.GPV.Pr.EA.6,"Education staff 2 and 3, General&Pre-Voc, Private, initial education, Education attained ISCED 6",,,
900271,T.23.GPV.Pr.EA.7,"Education staff 2 and 3, General&Pre-Voc, Private, initial education, Education attained ISCED 7",,,
900272,T.23.GPV.Pr.EA.8,"Education staff 2 and 3, General&Pre-Voc, Private, initial education, Education attained ISCED 8",,,
900273,T.23.GPV.Pr.EA.uk,"Education staff 2 and 3, General&Pre-Voc, Private, initial education, Education attained not specified",,,
900274,T.23.GPV.EA.2m,"Education staff 2 and 3, General&Pre-Voc, initial education, Education attained ISCED 2 or less",,,
900275,T.23.GPV.EA.3,"Education staff in ISCED 32 and 3, General&Pre-Voc, initial education, Education attained ISCED 3",,,
900276,T.23.GPV.EA.4,"Education staff 2 and 3, General&Pre-Voc, initial education, Education attained ISCED 4",,,
900277,T.23.GPV.EA.5,"Education staff 2 and 3, General&Pre-Voc, initial education, Education attained ISCED 5",,,
900278,T.23.GPV.EA.6,"Education staff 2 and 3, General&Pre-Voc, initial education, Education attained ISCED 6",,,
900279,T.23.GPV.EA.7,"Education staff 2 and 3, General&Pre-Voc, initial education, Education attained ISCED 7",,,
900280,T.23.GPV.EA.8,"Education staff 2 and 3, General&Pre-Voc, initial education, Education attained ISCED 8",,,
900281,T.23.GPV.EA.uk,"Education staff 2 and 3, General&Pre-Voc, initial education, Education attained not specified",,,
900282,NT.23.GPV.Pu,"Newly recruited teachers 2 and 3, General&Pre-Voc, Public, initial education",,,
900283,NT.23.GPV.Pu.trained,"Newly recruited teachers 2 and 3, General&Pre-Voc, Public, initial education, Trained teacher",,,
900284,T.23.GPV.Pu.Exp1t2,"Education staff 2 and 3, General&Pre-Voc, Public, initial education, Teaching experience of 1 to 2 years",,,
900285,T.23.GPV.Pu.Exp3t5,"Education staff 2 and 3, General&Pre-Voc, Public, initial education, Teaching experience of 3 to 5 years",,,
900286,T.23.GPV.Pu.Exp6t10,"Education staff 2 and 3, General&Pre-Voc, Public, initial education, Teaching experience of 6 to 10 years",,,
900287,T.23.GPV.Pu.Exp11t15,"Education staff 2 and 3, General&Pre-Voc, Public, initial education, Teaching experience of 11 to 15 years",,,
900288,T.23.GPV.Pu.Exp15p,"Education staff 2 and 3, General&Pre-Voc, Public, initial education, Teaching experience of more than 15 years",,,
900289,T.23.GPV.Pu.Expuk,"Education staff 2 and 3, General&Pre-Voc, Public, initial education, Teaching experience not specified",,,
900290,NT.23.GPV.Pr,"Newly recruited teachers 2 and 3, General&Pre-Voc, Private, initial education",,,
900291,NT.23.GPV.Pr.trained,"Newly recruited teachers 2 and 3, General&Pre-Voc, Private, initial education, Trained teacher",,,
900292,T.23.GPV.Pr.Exp1t2,"Education staff 2 and 3, General&Pre-Voc, Private, initial education, Teaching experience of 1 to 2 years",,,
900293,T.23.GPV.Pr.Exp3t5,"Education staff 2 and 3, General&Pre-Voc, Private, initial education, Teaching experience of 3 to 5 years",,,
900294,T.23.GPV.Pr.Exp6t10,"Education staff 2 and 3, General&Pre-Voc, Private, initial education, Teaching experience of 6 to 10 years",,,
900295,T.23.GPV.Pr.Exp11t15,"Education staff 2 and 3, General&Pre-Voc, Private, initial education, Teaching experience of 11 to 15 years",,,
900296,T.23.GPV.Pr.Exp15p,"Education staff 2 and 3, General&Pre-Voc, Private, initial education, Teaching experience of more than 15 years",,,
900297,T.23.GPV.Pr.Expuk,"Education staff 2 and 3, General&Pre-Voc, Private, initial education, Teaching experience not specified",,,
900298,NT.23.GPV,"Newly recruited teachers 2 and 3, General&Pre-Voc, initial education",,,
900299,NT.23.GPV.trained,"Newly recruited teachers 2 and 3, General&Pre-Voc, initial education, Trained teacher",,,
900300,T.23.GPV.Exp1t2,"Education staff 2 and 3, General&Pre-Voc, initial education, Teaching experience of 1 to 2 years",,,
900301,T.23.GPV.Exp3t5,"Education staff 2 and 3, General&Pre-Voc, initial education, Teaching experience of 3 to 5 years",,,
900302,T.23.GPV.Exp6t10,"Education staff 2 and 3, General&Pre-Voc, initial education, Teaching experience of 6 to 10 years",,,
900303,T.23.GPV.Exp11t15,"Education staff 2 and 3, General&Pre-Voc, initial education, Teaching experience of 11 to 15 years",,,
900304,T.23.GPV.Exp15p,"Education staff 2 and 3, General&Pre-Voc, initial education, Teaching experience of more than 15 years",,,
900305,T.23.GPV.Expuk,"Education staff 2 and 3, General&Pre-Voc, initial education, Teaching experience not specified",,,
900306,T.23.GPV.Pu.Ag20m,"Education staff 2 and 3, General&Pre-Voc, Public, initial education, Aged less than 20 years",,,
900307,T.23.GPV.Pu.Ag20t29,"Education staff 2 and 3, General&Pre-Voc, Public, initial education, Aged 20 to 29 years",,,
900308,T.23.GPV.Pu.Ag30t39,"Education staff 2 and 3, General&Pre-Voc, Public, initial education, Aged 30 to 39 years",,,
900309,T.23.GPV.Pu.Ag40t49,"Education staff 2 and 3, General&Pre-Voc, Public, initial education, Aged 40 to 49 years",,,
900310,T.23.GPV.Pu.Ag50t59,"Education staff 2 and 3, General&Pre-Voc, Public, initial education, Aged 50 to 59 years",,,
900311,T.23.GPV.Pu.Ag60p,"Education staff 2 and 3, General&Pre-Voc, Public, initial education, Aged 60 or more years",,,
900312,T.23.GPV.Pu.Aguk,"Education staff 2 and 3, General&Pre-Voc, Public, initial education, Age no specified",,,
900313,T.23.GPV.Pr.Ag20m,"Education staff 2 and 3, General&Pre-Voc, Private, initial education, Aged less than 20 years",,,
900314,T.23.GPV.Pr.Ag20t29,"Education staff 2 and 3, General&Pre-Voc, Private, initial education, Aged 20 to 29 years",,,
900315,T.23.GPV.Pr.Ag30t39,"Education staff 2 and 3, General&Pre-Voc, Private, initial education, Aged 30 to 39 years",,,
900316,T.23.GPV.Pr.Ag40t49,"Education staff 2 and 3, General&Pre-Voc, Private, initial education, Aged 40 to 49 years",,,
900317,T.23.GPV.Pr.Ag50t59,"Education staff 2 and 3, General&Pre-Voc, Private, initial education, Aged 50 to 59 years",,,
900318,T.23.GPV.Pr.Ag60p,"Education staff 2 and 3, General&Pre-Voc, Private, initial education, Aged 60 or more years",,,
900319,T.23.GPV.Pr.Aguk,"Education staff 2 and 3, General&Pre-Voc, Private, initial education, Age no specified",,,
900320,T.23.GPV.Ag20m,"Education staff 2 and 3, General&Pre-Voc, initial education, Aged less than 20 years",,,
900321,T.23.GPV.Ag20t29,"Education staff 2 and 3, General&Pre-Voc, initial education, Aged 20 to 29 years",,,
900322,T.23.GPV.Ag30t39,"Education staff 2 and 3, General&Pre-Voc, initial education, Aged 30 to 39 years",,,
900323,T.23.GPV.Ag40t49,"Education staff 2 and 3, General&Pre-Voc, initial education, Aged 40 to 49 years",,,
900324,T.23.GPV.Ag50t59,"Education staff 2 and 3, General&Pre-Voc, initial education, Aged 50 to 59 years",,,
900325,T.23.GPV.Ag60p,"Education staff 2 and 3, General&Pre-Voc, initial education, Aged 60 or more years",,,
900326,T.23.GPV.Aguk,"Education staff 2 and 3, General&Pre-Voc, initial education, Age no specified",,,
